character,row_type,skill_id,skill_name,level,experience,rank,quest_title,quest_status,quest_difficulty,quest_members,quest_points,quest_userEligible,totalskill,totalxp,combatlevel,timestamp
Jklkh,skill,22,Construction,63,3839021,443546,,,,,,,1165,3296601,75,2025-11-17T22:23:41.575Z
Jklkh,skill,17,Thieving,63,3802823,422206,,,,,,,1165,3296601,75,2025-11-17T22:23:41.575Z
Jklkh,skill,8,Woodcutting,62,3539355,695350,,,,,,,1165,3296601,75,2025-11-17T22:23:41.575Z
Jklkh,skill,19,Farming,62,3345051,393974,,,,,,,1165,3296601,75,2025-11-17T22:23:41.575Z
Jklkh,skill,28,Necromancy,60,2935978,241330,,,,,,,1165,3296601,75,2025-11-17T22:23:41.575Z
Jklkh,skill,6,Magic,58,2392243,699594,,,,,,,1165,3296601,75,2025-11-17T22:23:41.575Z
Jklkh,skill,3,Constitution,57,2163632,808560,,,,,,,1165,3296601,75,2025-11-17T22:23:41.575Z
Jklkh,skill,1,Defence,56,1935361,756384,,,,,,,1165,3296601,75,2025-11-17T22:23:41.575Z
Jklkh,skill,14,Mining,54,1522813,776433,,,,,,,1165,3296601,75,2025-11-17T22:23:41.575Z
Jklkh,skill,20,Runecrafting,50,1025737,579591,,,,,,,1165,3296601,75,2025-11-17T22:23:41.575Z
Jklkh,skill,7,Cooking,49,925122,807262,,,,,,,1165,3296601,75,2025-11-17T22:23:41.575Z
Jklkh,skill,18,Slayer,48,913966,577793,,,,,,,1165,3296601,75,2025-11-17T22:23:41.575Z
Jklkh,skill,10,Fishing,48,833298,814342,,,,,,,1165,3296601,75,2025-11-17T22:23:41.575Z
Jklkh,skill,12,Crafting,47,783182,747620,,,,,,,1165,3296601,75,2025-11-17T22:23:41.575Z
Jklkh,skill,5,Prayer,46,723878,702011,,,,,,,1165,3296601,75,2025-11-17T22:23:41.575Z
Jklkh,skill,27,Archaeology,45,663018,346911,,,,,,,1165,3296601,75,2025-11-17T22:23:41.575Z
Jklkh,skill,9,Fletching,41,453788,725622,,,,,,,1165,3296601,75,2025-11-17T22:23:41.575Z
Jklkh,skill,13,Smithing,40,384224,916054,,,,,,,1165,3296601,75,2025-11-17T22:23:41.575Z
Jklkh,skill,21,Hunter,32,179388,609887,,,,,,,1165,3296601,75,2025-11-17T22:23:41.575Z
Jklkh,skill,11,Firemaking,29,123546,1045570,,,,,,,1165,3296601,75,2025-11-17T22:23:41.575Z
Jklkh,skill,25,Divination,29,122659,542297,,,,,,,1165,3296601,75,2025-11-17T22:23:41.575Z
Jklkh,skill,15,Herblore,28,115283,684670,,,,,,,1165,3296601,75,2025-11-17T22:23:41.575Z
Jklkh,skill,0,Attack,24,75731,1243601,,,,,,,1165,3296601,75,2025-11-17T22:23:41.575Z
Jklkh,skill,2,Strength,22,61819,1250939,,,,,,,1165,3296601,75,2025-11-17T22:23:41.575Z
Jklkh,skill,23,Summoning,22,57862,612650,,,,,,,1165,3296601,75,2025-11-17T22:23:41.575Z
Jklkh,skill,16,Agility,17,33931,855603,,,,,,,1165,3296601,75,2025-11-17T22:23:41.575Z
Jklkh,skill,24,Dungeoneering,9,10772,0,,,,,,,1165,3296601,75,2025-11-17T22:23:41.575Z
Jklkh,skill,4,Ranged,3,2652,0,,,,,,,1165,3296601,75,2025-11-17T22:23:41.575Z
Jklkh,skill,26,Invention,1,0,0,,,,,,,1165,3296601,75,2025-11-17T22:23:41.575Z
Jklkh,quest,,,,,,Buyers and Cellars,COMPLETED,0,true,1,true,1165,3296601,75,2025-11-17T22:23:41.575Z
Jklkh,quest,,,,,,Diamond in the Rough,COMPLETED,0,true,1,true,1165,3296601,75,2025-11-17T22:23:41.575Z
Jklkh,quest,,,,,,Field of Screams,COMPLETED,0,false,0,true,1165,3296601,75,2025-11-17T22:23:41.575Z
Jklkh,quest,,,,,,Kili Row,COMPLETED,1,true,1,true,1165,3296601,75,2025-11-17T22:23:41.575Z
Jklkh,quest,,,,,,Murder on the Border,COMPLETED,0,true,1,true,1165,3296601,75,2025-11-17T22:23:41.575Z
Jklkh,quest,,,,,,Necromancy!,COMPLETED,0,false,1,true,1165,3296601,75,2025-11-17T22:23:41.575Z
Jklkh,quest,,,,,,New Foundations,COMPLETED,0,true,1,true,1165,3296601,75,2025-11-17T22:23:41.575Z
Jklkh,quest,,,,,,Rune Mythos,COMPLETED,0,true,1,true,1165,3296601,75,2025-11-17T22:23:41.575Z
Jklkh,quest,,,,,,Stolen Hearts,COMPLETED,0,false,3,true,1165,3296601,75,2025-11-17T22:23:41.575Z
Jklkh,quest,,,,,,The Jack of Spades,COMPLETED,0,true,1,true,1165,3296601,75,2025-11-17T22:23:41.575Z
Jklkh,quest,,,,,,The Knight's Sword,COMPLETED,1,false,1,true,1165,3296601,75,2025-11-17T22:23:41.575Z
Jklkh,quest,,,,,,Unstable Foundations,COMPLETED,0,false,1,true,1165,3296601,75,2025-11-17T22:23:41.575Z
Jklkh,quest,,,,,,Violet is Blue,COMPLETED,0,false,1,true,1165,3296601,75,2025-11-17T22:23:41.575Z
Jklkh,quest,,,,,,'Phite Club,NOT_STARTED,3,true,1,false,1165,3296601,75,2025-11-17T22:23:41.575Z
Jklkh,quest,,,,,,A Christmas Reunion,NOT_STARTED,0,false,0,true,1165,3296601,75,2025-11-17T22:23:41.575Z
Jklkh,quest,,,,,,A Clockwork Syringe,NOT_STARTED,3,true,1,false,1165,3296601,75,2025-11-17T22:23:41.575Z
Jklkh,quest,,,,,,A Fairy Tale I - Growing Pains,NOT_STARTED,2,true,2,false,1165,3296601,75,2025-11-17T22:23:41.575Z
Jklkh,quest,,,,,,A Fairy Tale II - Cure a Queen,NOT_STARTED,2,true,2,false,1165,3296601,75,2025-11-17T22:23:41.575Z
Jklkh,quest,,,,,,A Fairy Tale III - Battle at Ork's Rift,NOT_STARTED,2,true,2,false,1165,3296601,75,2025-11-17T22:23:41.575Z
Jklkh,quest,,,,,,A Guild of Our Own (miniquest),NOT_STARTED,3,true,0,false,1165,3296601,75,2025-11-17T22:23:41.575Z
Jklkh,quest,,,,,,A Shadow over Ashdale,NOT_STARTED,0,false,1,true,1165,3296601,75,2025-11-17T22:23:41.575Z
Jklkh,quest,,,,,,A Soul's Bane,NOT_STARTED,0,false,1,true,1165,3296601,75,2025-11-17T22:23:41.575Z
Jklkh,quest,,,,,,A Tail of Two Cats,NOT_STARTED,1,true,2,false,1165,3296601,75,2025-11-17T22:23:41.575Z
Jklkh,quest,,,,,,A Void Dance,NOT_STARTED,2,true,1,false,1165,3296601,75,2025-11-17T22:23:41.575Z
Jklkh,quest,,,,,,Aftermath,NOT_STARTED,2,true,0,false,1165,3296601,75,2025-11-17T22:23:41.575Z
Jklkh,quest,,,,,,All Fired Up,NOT_STARTED,1,true,1,false,1165,3296601,75,2025-11-17T22:23:41.575Z
Jklkh,quest,,,,,,Alpha vs Omega,NOT_STARTED,4,true,1,false,1165,3296601,75,2025-11-17T22:23:41.575Z
Jklkh,quest,,,,,,Ancient Awakening,NOT_STARTED,2,true,1,false,1165,3296601,75,2025-11-17T22:23:41.575Z
Jklkh,quest,,,,,,Animal Magnetism,NOT_STARTED,1,true,1,false,1165,3296601,75,2025-11-17T22:23:41.575Z
Jklkh,quest,,,,,,Another Slice of H.A.M.,NOT_STARTED,1,true,1,false,1165,3296601,75,2025-11-17T22:23:41.575Z
Jklkh,quest,,,,,,As a First Resort,NOT_STARTED,2,true,1,false,1165,3296601,75,2025-11-17T22:23:41.575Z
Jklkh,quest,,,,,,Azzanadra's Quest,NOT_STARTED,2,true,3,false,1165,3296601,75,2025-11-17T22:23:41.575Z
Jklkh,quest,,,,,,Back to my Roots,NOT_STARTED,3,true,1,false,1165,3296601,75,2025-11-17T22:23:41.575Z
Jklkh,quest,,,,,,Back to the Freezer,NOT_STARTED,3,true,1,false,1165,3296601,75,2025-11-17T22:23:41.575Z
Jklkh,quest,,,,,,Bar Crawl (miniquest),NOT_STARTED,1,true,0,true,1165,3296601,75,2025-11-17T22:23:41.575Z
Jklkh,quest,,,,,,Battle of Forinthry,NOT_STARTED,2,true,1,false,1165,3296601,75,2025-11-17T22:23:41.575Z
Jklkh,quest,,,,,,Battle of the Monolith,NOT_STARTED,1,true,0,false,1165,3296601,75,2025-11-17T22:23:41.575Z
Jklkh,quest,,,,,,Beneath Cursed Tides,NOT_STARTED,1,false,1,false,1165,3296601,75,2025-11-17T22:23:41.575Z
Jklkh,quest,,,,,,Beneath Scabaras' Sands,NOT_STARTED,2,true,2,false,1165,3296601,75,2025-11-17T22:23:41.575Z
Jklkh,quest,,,,,,Benedict's World Tour (miniquest),NOT_STARTED,1,false,0,true,1165,3296601,75,2025-11-17T22:23:41.575Z
Jklkh,quest,,,,,,Between a Rock...,NOT_STARTED,2,true,2,false,1165,3296601,75,2025-11-17T22:23:41.575Z
Jklkh,quest,,,,,,Big Chompy Bird Hunting,NOT_STARTED,1,true,2,false,1165,3296601,75,2025-11-17T22:23:41.575Z
Jklkh,quest,,,,,,Biohazard,NOT_STARTED,0,true,3,false,1165,3296601,75,2025-11-17T22:23:41.575Z
Jklkh,quest,,,,,,Birthright of the Dwarves,NOT_STARTED,4,true,2,false,1165,3296601,75,2025-11-17T22:23:41.575Z
Jklkh,quest,,,,,,Blood Runs Deep,NOT_STARTED,3,true,2,false,1165,3296601,75,2025-11-17T22:23:41.575Z
Jklkh,quest,,,,,,Boric's Task I (miniquest),NOT_STARTED,1,true,0,false,1165,3296601,75,2025-11-17T22:23:41.575Z
Jklkh,quest,,,,,,Boric's Task II (miniquest),NOT_STARTED,1,true,0,false,1165,3296601,75,2025-11-17T22:23:41.575Z
Jklkh,quest,,,,,,Boric's Task III (miniquest),NOT_STARTED,2,true,0,false,1165,3296601,75,2025-11-17T22:23:41.575Z
Jklkh,quest,,,,,,Bringing Home the Bacon,NOT_STARTED,0,true,1,true,1165,3296601,75,2025-11-17T22:23:41.575Z
Jklkh,quest,,,,,,Broken Home,NOT_STARTED,0,false,1,true,1165,3296601,75,2025-11-17T22:23:41.575Z
Jklkh,quest,,,,,,Cabin Fever,NOT_STARTED,2,true,2,false,1165,3296601,75,2025-11-17T22:23:41.575Z
Jklkh,quest,,,,,,Call of the Ancestors,NOT_STARTED,0,true,1,true,1165,3296601,75,2025-11-17T22:23:41.575Z
Jklkh,quest,,,,,,Carnillean Rising,NOT_STARTED,1,true,1,false,1165,3296601,75,2025-11-17T22:23:41.575Z
Jklkh,quest,,,,,,Catapult Construction,NOT_STARTED,3,true,2,false,1165,3296601,75,2025-11-17T22:23:41.575Z
Jklkh,quest,,,,,,Chef's Assistant,NOT_STARTED,0,false,1,false,1165,3296601,75,2025-11-17T22:23:41.575Z
Jklkh,quest,,,,,,Children of Mah,NOT_STARTED,4,true,2,false,1165,3296601,75,2025-11-17T22:23:41.575Z
Jklkh,quest,,,,,,City of Senntisten,NOT_STARTED,3,true,3,false,1165,3296601,75,2025-11-17T22:23:41.575Z
Jklkh,quest,,,,,,Civil War I (miniquest),NOT_STARTED,1,true,0,false,1165,3296601,75,2025-11-17T22:23:41.575Z
Jklkh,quest,,,,,,Civil War II (miniquest),NOT_STARTED,1,true,0,false,1165,3296601,75,2025-11-17T22:23:41.575Z
Jklkh,quest,,,,,,Civil War III (miniquest),NOT_STARTED,1,true,0,false,1165,3296601,75,2025-11-17T22:23:41.575Z
Jklkh,quest,,,,,,Clock Tower,NOT_STARTED,0,true,1,true,1165,3296601,75,2025-11-17T22:23:41.575Z
Jklkh,quest,,,,,,Cold War,NOT_STARTED,1,true,1,false,1165,3296601,75,2025-11-17T22:23:41.575Z
Jklkh,quest,,,,,,Contact!,NOT_STARTED,3,true,1,false,1165,3296601,75,2025-11-17T22:23:41.575Z
Jklkh,quest,,,,,,Cook's Assistant,NOT_STARTED,0,false,1,true,1165,3296601,75,2025-11-17T22:23:41.575Z
Jklkh,quest,,,,,,Creature of Fenkenstrain,NOT_STARTED,1,true,2,false,1165,3296601,75,2025-11-17T22:23:41.575Z
Jklkh,quest,,,,,,Crocodile Tears,NOT_STARTED,3,true,1,false,1165,3296601,75,2025-11-17T22:23:41.575Z
Jklkh,quest,,,,,,Curse of the Black Stone,NOT_STARTED,3,true,4,false,1165,3296601,75,2025-11-17T22:23:41.575Z
Jklkh,quest,,,,,,Damage Control (miniquest),NOT_STARTED,4,true,0,false,1165,3296601,75,2025-11-17T22:23:41.575Z
Jklkh,quest,,,,,,Daughter of Chaos,NOT_STARTED,1,true,1,false,1165,3296601,75,2025-11-17T22:23:41.575Z
Jklkh,quest,,,,,,Dead and Buried,NOT_STARTED,2,true,1,false,1165,3296601,75,2025-11-17T22:23:41.575Z
Jklkh,quest,,,,,,Deadliest Catch,NOT_STARTED,3,true,1,false,1165,3296601,75,2025-11-17T22:23:41.575Z
Jklkh,quest,,,,,,Dealing with Scabaras,NOT_STARTED,3,true,1,false,1165,3296601,75,2025-11-17T22:23:41.575Z
Jklkh,quest,,,,,,Death Plateau,NOT_STARTED,0,false,1,true,1165,3296601,75,2025-11-17T22:23:41.575Z
Jklkh,quest,,,,,,Death to the Dorgeshuun,NOT_STARTED,1,true,1,false,1165,3296601,75,2025-11-17T22:23:41.575Z
Jklkh,quest,,,,,,Defender of Varrock,NOT_STARTED,2,true,2,false,1165,3296601,75,2025-11-17T22:23:41.575Z
Jklkh,quest,,,,,,Demon Slayer,NOT_STARTED,0,false,3,true,1165,3296601,75,2025-11-17T22:23:41.575Z
Jklkh,quest,,,,,,Desert Slayer Dungeon (miniquest),NOT_STARTED,3,true,0,false,1165,3296601,75,2025-11-17T22:23:41.575Z
Jklkh,quest,,,,,,Desert Treasure,NOT_STARTED,3,true,3,false,1165,3296601,75,2025-11-17T22:23:41.575Z
Jklkh,quest,,,,,,Desperate Creatures,NOT_STARTED,1,true,0,false,1165,3296601,75,2025-11-17T22:23:41.575Z
Jklkh,quest,,,,,,Desperate Measures,NOT_STARTED,1,true,3,false,1165,3296601,75,2025-11-17T22:23:41.575Z
Jklkh,quest,,,,,,Desperate Times,NOT_STARTED,1,true,3,false,1165,3296601,75,2025-11-17T22:23:41.575Z
Jklkh,quest,,,,,,Devious Minds,NOT_STARTED,2,true,1,false,1165,3296601,75,2025-11-17T22:23:41.575Z
Jklkh,quest,,,,,,Dimension of Disaster,NOT_STARTED,250,true,2,true,1165,3296601,75,2025-11-17T22:23:41.575Z
Jklkh,quest,,,,,,Dimension of Disaster: Coin of the Realm,NOT_STARTED,0,true,1,true,1165,3296601,75,2025-11-17T22:23:41.575Z
Jklkh,quest,,,,,,Dimension of Disaster: Curse of Arrav,NOT_STARTED,3,true,1,false,1165,3296601,75,2025-11-17T22:23:41.575Z
Jklkh,quest,,,,,,Dimension of Disaster: Defender of Varrock,NOT_STARTED,2,true,2,false,1165,3296601,75,2025-11-17T22:23:41.575Z
Jklkh,quest,,,,,,Dimension of Disaster: Demon Slayer,NOT_STARTED,1,true,3,false,1165,3296601,75,2025-11-17T22:23:41.575Z
Jklkh,quest,,,,,,Dimension of Disaster: Shield of Arrav,NOT_STARTED,0,true,1,false,1165,3296601,75,2025-11-17T22:23:41.575Z
Jklkh,quest,,,,,,Dishonour among Thieves,NOT_STARTED,1,true,2,false,1165,3296601,75,2025-11-17T22:23:41.575Z
Jklkh,quest,,,,,,Do No Evil,NOT_STARTED,3,true,1,false,1165,3296601,75,2025-11-17T22:23:41.575Z
Jklkh,quest,,,,,,Doric's Task I (miniquest),NOT_STARTED,0,false,0,false,1165,3296601,75,2025-11-17T22:23:41.575Z
Jklkh,quest,,,,,,Doric's Task II (miniquest),NOT_STARTED,0,false,0,false,1165,3296601,75,2025-11-17T22:23:41.575Z
Jklkh,quest,,,,,,Doric's Task III (miniquest),NOT_STARTED,1,false,0,false,1165,3296601,75,2025-11-17T22:23:41.575Z
Jklkh,quest,,,,,,Doric's Task IV (miniquest),NOT_STARTED,1,false,0,false,1165,3296601,75,2025-11-17T22:23:41.575Z
Jklkh,quest,,,,,,Doric's Task V (miniquest),NOT_STARTED,2,true,0,false,1165,3296601,75,2025-11-17T22:23:41.575Z
Jklkh,quest,,,,,,Doric's Task VI (miniquest),NOT_STARTED,2,true,0,false,1165,3296601,75,2025-11-17T22:23:41.575Z
Jklkh,quest,,,,,,Doric's Task VII (miniquest),NOT_STARTED,3,true,0,false,1165,3296601,75,2025-11-17T22:23:41.575Z
Jklkh,quest,,,,,,Doric's Task VIII (miniquest),NOT_STARTED,3,true,0,false,1165,3296601,75,2025-11-17T22:23:41.575Z
Jklkh,quest,,,,,,Dragon Slayer,NOT_STARTED,2,false,2,false,1165,3296601,75,2025-11-17T22:23:41.575Z
Jklkh,quest,,,,,,Dream Mentor,NOT_STARTED,3,true,2,false,1165,3296601,75,2025-11-17T22:23:41.575Z
Jklkh,quest,,,,,,Druidic Ritual,NOT_STARTED,0,false,4,true,1165,3296601,75,2025-11-17T22:23:41.575Z
Jklkh,quest,,,,,,Duck Quest,NOT_STARTED,0,false,1,true,1165,3296601,75,2025-11-17T22:23:41.575Z
Jklkh,quest,,,,,,Dwarf Cannon,NOT_STARTED,0,true,1,true,1165,3296601,75,2025-11-17T22:23:41.575Z
Jklkh,quest,,,,,,Eadgar's Ruse,NOT_STARTED,2,true,1,false,1165,3296601,75,2025-11-17T22:23:41.575Z
Jklkh,quest,,,,,,Eagles' Peak,NOT_STARTED,0,true,2,true,1165,3296601,75,2025-11-17T22:23:41.575Z
Jklkh,quest,,,,,,Eclipse of the Heart,NOT_STARTED,2,true,3,false,1165,3296601,75,2025-11-17T22:23:41.575Z
Jklkh,quest,,,,,,Elemental Workshop I,NOT_STARTED,0,true,1,true,1165,3296601,75,2025-11-17T22:23:41.575Z
Jklkh,quest,,,,,,Elemental Workshop II,NOT_STARTED,1,true,1,false,1165,3296601,75,2025-11-17T22:23:41.575Z
Jklkh,quest,,,,,,Elemental Workshop III,NOT_STARTED,1,true,1,false,1165,3296601,75,2025-11-17T22:23:41.575Z
Jklkh,quest,,,,,,Elemental Workshop IV,NOT_STARTED,1,true,2,false,1165,3296601,75,2025-11-17T22:23:41.575Z
Jklkh,quest,,,,,,Enakhra's Lament,NOT_STARTED,2,true,2,false,1165,3296601,75,2025-11-17T22:23:41.575Z
Jklkh,quest,,,,,,Enlightened Journey,NOT_STARTED,1,true,1,false,1165,3296601,75,2025-11-17T22:23:41.575Z
Jklkh,quest,,,,,,Enter the Abyss (miniquest),NOT_STARTED,1,true,0,true,1165,3296601,75,2025-11-17T22:23:41.575Z
Jklkh,quest,,,,,,Ernest the Chicken,NOT_STARTED,0,false,4,true,1165,3296601,75,2025-11-17T22:23:41.575Z
Jklkh,quest,,,,,,Evil Dave's Big Day Out,NOT_STARTED,1,true,2,false,1165,3296601,75,2025-11-17T22:23:41.575Z
Jklkh,quest,,,,,,Extinction,NOT_STARTED,4,true,4,false,1165,3296601,75,2025-11-17T22:23:41.575Z
Jklkh,quest,,,,,,Eye for an Eye (miniquest),NOT_STARTED,4,true,0,false,1165,3296601,75,2025-11-17T22:23:41.575Z
Jklkh,quest,,,,,,Eye of Het I,NOT_STARTED,0,true,0,false,1165,3296601,75,2025-11-17T22:23:41.575Z
Jklkh,quest,,,,,,Eye of Het II,NOT_STARTED,0,true,0,false,1165,3296601,75,2025-11-17T22:23:41.575Z
Jklkh,quest,,,,,,Family Crest,NOT_STARTED,2,true,1,true,1165,3296601,75,2025-11-17T22:23:41.575Z
Jklkh,quest,,,,,,Fate of the Gods,NOT_STARTED,4,true,2,false,1165,3296601,75,2025-11-17T22:23:41.575Z
Jklkh,quest,,,,,,Father and Son,NOT_STARTED,0,true,0,true,1165,3296601,75,2025-11-17T22:23:41.575Z
Jklkh,quest,,,,,,Fight Arena,NOT_STARTED,2,true,2,true,1165,3296601,75,2025-11-17T22:23:41.575Z
Jklkh,quest,,,,,,Final Destination (miniquest),NOT_STARTED,4,true,0,false,1165,3296601,75,2025-11-17T22:23:41.575Z
Jklkh,quest,,,,,,Finale,NOT_STARTED,0,true,0,false,1165,3296601,75,2025-11-17T22:23:41.575Z
Jklkh,quest,,,,,,Fishing Contest,NOT_STARTED,0,true,1,true,1165,3296601,75,2025-11-17T22:23:41.575Z
Jklkh,quest,,,,,,Flag Fall (miniquest),NOT_STARTED,1,true,0,false,1165,3296601,75,2025-11-17T22:23:41.575Z
Jklkh,quest,,,,,,Flashback,NOT_STARTED,0,true,0,false,1165,3296601,75,2025-11-17T22:23:41.575Z
Jklkh,quest,,,,,,Flesh and Bone,NOT_STARTED,0,true,0,false,1165,3296601,75,2025-11-17T22:23:41.575Z
Jklkh,quest,,,,,,Foreshadowing,NOT_STARTED,0,true,0,true,1165,3296601,75,2025-11-17T22:23:41.575Z
Jklkh,quest,,,,,,Forgettable Tale of a Drunken Dwarf,NOT_STARTED,1,true,2,false,1165,3296601,75,2025-11-17T22:23:41.575Z
Jklkh,quest,,,,,,Forgiveness of a Chaos Dwarf,NOT_STARTED,3,true,2,false,1165,3296601,75,2025-11-17T22:23:41.575Z
Jklkh,quest,,,,,,Fortunes,NOT_STARTED,0,true,0,false,1165,3296601,75,2025-11-17T22:23:41.575Z
Jklkh,quest,,,,,,From Tiny Acorns (miniquest),NOT_STARTED,0,true,0,true,1165,3296601,75,2025-11-17T22:23:41.575Z
Jklkh,quest,,,,,,Fur 'n Seek,NOT_STARTED,0,true,2,false,1165,3296601,75,2025-11-17T22:23:41.575Z
Jklkh,quest,,,,,,Garden of Tranquillity,NOT_STARTED,1,true,2,false,1165,3296601,75,2025-11-17T22:23:41.575Z
Jklkh,quest,,,,,,Gertrude's Cat,NOT_STARTED,0,false,1,true,1165,3296601,75,2025-11-17T22:23:41.575Z
Jklkh,quest,,,,,,Ghosts Ahoy,NOT_STARTED,1,true,2,false,1165,3296601,75,2025-11-17T22:23:41.575Z
Jklkh,quest,,,,,,Ghosts from the Past (miniquest),NOT_STARTED,4,true,0,false,1165,3296601,75,2025-11-17T22:23:41.575Z
Jklkh,quest,,,,,,Glorious Memories,NOT_STARTED,3,true,1,false,1165,3296601,75,2025-11-17T22:23:41.575Z
Jklkh,quest,,,,,,Goblin Diplomacy,NOT_STARTED,0,false,5,true,1165,3296601,75,2025-11-17T22:23:41.575Z
Jklkh,quest,,,,,,Gower Quest,NOT_STARTED,2,false,1,false,1165,3296601,75,2025-11-17T22:23:41.575Z
Jklkh,quest,,,,,,Great Egg-spectations,NOT_STARTED,0,false,0,true,1165,3296601,75,2025-11-17T22:23:41.575Z
Jklkh,quest,,,,,,Grim Tales,NOT_STARTED,3,true,1,false,1165,3296601,75,2025-11-17T22:23:41.575Z
Jklkh,quest,,,,,,Gunnar's Ground,NOT_STARTED,0,false,5,true,1165,3296601,75,2025-11-17T22:23:41.575Z
Jklkh,quest,,,,,,Guys and Dolls,NOT_STARTED,0,false,0,true,1165,3296601,75,2025-11-17T22:23:41.575Z
Jklkh,quest,,,,,,Harbinger (miniquest),NOT_STARTED,4,true,0,false,1165,3296601,75,2025-11-17T22:23:41.575Z
Jklkh,quest,,,,,,Haunted Mine,NOT_STARTED,2,true,2,true,1165,3296601,75,2025-11-17T22:23:41.575Z
Jklkh,quest,,,,,,Hazeel Cult,NOT_STARTED,0,true,1,true,1165,3296601,75,2025-11-17T22:23:41.575Z
Jklkh,quest,,,,,,Head of the Family (miniquest),NOT_STARTED,4,true,0,false,1165,3296601,75,2025-11-17T22:23:41.575Z
Jklkh,quest,,,,,,Heart of Stone,NOT_STARTED,1,true,1,false,1165,3296601,75,2025-11-17T22:23:41.575Z
Jklkh,quest,,,,,,Heartstealer,NOT_STARTED,0,false,1,true,1165,3296601,75,2025-11-17T22:23:41.575Z
Jklkh,quest,,,,,,Helping Laniakea,NOT_STARTED,0,true,0,true,1165,3296601,75,2025-11-17T22:23:41.575Z
Jklkh,quest,,,,,,Hermy and Bass,NOT_STARTED,2,true,0,false,1165,3296601,75,2025-11-17T22:23:41.575Z
Jklkh,quest,,,,,,Hero's Welcome,NOT_STARTED,2,true,2,false,1165,3296601,75,2025-11-17T22:23:41.575Z
Jklkh,quest,,,,,,Heroes' Quest,NOT_STARTED,2,true,1,false,1165,3296601,75,2025-11-17T22:23:41.575Z
Jklkh,quest,,,,,,Holy Grail,NOT_STARTED,1,true,2,false,1165,3296601,75,2025-11-17T22:23:41.575Z
Jklkh,quest,,,,,,Hopespear's Will (miniquest),NOT_STARTED,2,true,0,false,1165,3296601,75,2025-11-17T22:23:41.575Z
Jklkh,quest,,,,,,Horror from the Deep,NOT_STARTED,2,true,2,false,1165,3296601,75,2025-11-17T22:23:41.575Z
Jklkh,quest,,,,,,Housing of Parliament,NOT_STARTED,2,true,1,true,1165,3296601,75,2025-11-17T22:23:41.575Z
Jklkh,quest,,,,,,Hunt for Red Raktuber,NOT_STARTED,1,true,1,false,1165,3296601,75,2025-11-17T22:23:41.575Z
Jklkh,quest,,,,,,Icthlarin's Little Helper,NOT_STARTED,1,true,2,false,1165,3296601,75,2025-11-17T22:23:41.575Z
Jklkh,quest,,,,,,Imp Catcher,NOT_STARTED,0,false,1,true,1165,3296601,75,2025-11-17T22:23:41.575Z
Jklkh,quest,,,,,,Impressing the Locals,NOT_STARTED,0,true,1,true,1165,3296601,75,2025-11-17T22:23:41.575Z
Jklkh,quest,,,,,,In Aid of the Myreque,NOT_STARTED,1,true,2,false,1165,3296601,75,2025-11-17T22:23:41.575Z
Jklkh,quest,,,,,,In Memory of the Myreque (miniquest),NOT_STARTED,4,true,0,false,1165,3296601,75,2025-11-17T22:23:41.575Z
Jklkh,quest,,,,,,In Pyre Need,NOT_STARTED,2,true,1,false,1165,3296601,75,2025-11-17T22:23:41.575Z
Jklkh,quest,,,,,,In Search of the Myreque,NOT_STARTED,1,true,2,false,1165,3296601,75,2025-11-17T22:23:41.575Z
Jklkh,quest,,,,,,It's Snow Bother,NOT_STARTED,0,false,0,true,1165,3296601,75,2025-11-17T22:23:41.575Z
Jklkh,quest,,,,,,Jed Hunter (miniquest),NOT_STARTED,4,true,0,false,1165,3296601,75,2025-11-17T22:23:41.575Z
Jklkh,quest,,,,,,Jungle Potion,NOT_STARTED,0,true,1,true,1165,3296601,75,2025-11-17T22:23:41.575Z
Jklkh,quest,,,,,,Kennith's Concerns,NOT_STARTED,1,true,1,false,1165,3296601,75,2025-11-17T22:23:41.575Z
Jklkh,quest,,,,,,Kindred Spirits,NOT_STARTED,2,true,1,false,1165,3296601,75,2025-11-17T22:23:41.575Z
Jklkh,quest,,,,,,King of the Dwarves,NOT_STARTED,3,true,2,false,1165,3296601,75,2025-11-17T22:23:41.575Z
Jklkh,quest,,,,,,King's Ransom,NOT_STARTED,2,true,1,false,1165,3296601,75,2025-11-17T22:23:41.575Z
Jklkh,quest,,,,,,Koschei's Troubles (miniquest),NOT_STARTED,4,true,0,false,1165,3296601,75,2025-11-17T22:23:41.575Z
Jklkh,quest,,,,,,Lair of Tarn Razorlor (miniquest),NOT_STARTED,2,true,0,false,1165,3296601,75,2025-11-17T22:23:41.575Z
Jklkh,quest,,,,,,Land of the Goblins,NOT_STARTED,2,true,1,false,1165,3296601,75,2025-11-17T22:23:41.575Z
Jklkh,quest,,,,,,Legacy of Seergaze,NOT_STARTED,2,true,2,false,1165,3296601,75,2025-11-17T22:23:41.575Z
Jklkh,quest,,,,,,Legends' Quest,NOT_STARTED,3,true,4,false,1165,3296601,75,2025-11-17T22:23:41.575Z
Jklkh,quest,,,,,,Let Them Eat Pie,NOT_STARTED,0,false,1,true,1165,3296601,75,2025-11-17T22:23:41.575Z
Jklkh,quest,,,,,,Lost City,NOT_STARTED,2,true,3,true,1165,3296601,75,2025-11-17T22:23:41.575Z
Jklkh,quest,,,,,,Lost Her Marbles (miniquest),NOT_STARTED,1,true,0,false,1165,3296601,75,2025-11-17T22:23:41.575Z
Jklkh,quest,,,,,,Love Story,NOT_STARTED,3,true,2,false,1165,3296601,75,2025-11-17T22:23:41.575Z
Jklkh,quest,,,,,,Lunar Diplomacy,NOT_STARTED,2,true,2,false,1165,3296601,75,2025-11-17T22:23:41.575Z
Jklkh,quest,,,,,,Mahjarrat Memories (miniquest),NOT_STARTED,4,true,0,false,1165,3296601,75,2025-11-17T22:23:41.575Z
Jklkh,quest,,,,,,Making History,NOT_STARTED,1,true,3,false,1165,3296601,75,2025-11-17T22:23:41.575Z
Jklkh,quest,,,,,,Meeting History,NOT_STARTED,1,true,1,false,1165,3296601,75,2025-11-17T22:23:41.575Z
Jklkh,quest,,,,,,Merlin's Crystal,NOT_STARTED,1,true,6,true,1165,3296601,75,2025-11-17T22:23:41.575Z
Jklkh,quest,,,,,,Missing My Mummy,NOT_STARTED,1,true,1,false,1165,3296601,75,2025-11-17T22:23:41.575Z
Jklkh,quest,,,,,,"Missing, Presumed Death",NOT_STARTED,0,false,2,true,1165,3296601,75,2025-11-17T22:23:41.575Z
Jklkh,quest,,,,,,Monk's Friend,NOT_STARTED,0,true,1,true,1165,3296601,75,2025-11-17T22:23:41.575Z
Jklkh,quest,,,,,,Monkey Madness,NOT_STARTED,3,true,3,false,1165,3296601,75,2025-11-17T22:23:41.575Z
Jklkh,quest,,,,,,Mountain Daughter,NOT_STARTED,1,true,2,false,1165,3296601,75,2025-11-17T22:23:41.575Z
Jklkh,quest,,,,,,Mourning's End Part I,NOT_STARTED,3,true,2,false,1165,3296601,75,2025-11-17T22:23:41.575Z
Jklkh,quest,,,,,,Mourning's End Part II,NOT_STARTED,3,true,2,false,1165,3296601,75,2025-11-17T22:23:41.575Z
Jklkh,quest,,,,,,Murder Mystery,NOT_STARTED,0,true,3,true,1165,3296601,75,2025-11-17T22:23:41.575Z
Jklkh,quest,,,,,,My Arm's Big Adventure,NOT_STARTED,1,true,1,false,1165,3296601,75,2025-11-17T22:23:41.575Z
Jklkh,quest,,,,,,My One and Only Lute,NOT_STARTED,0,true,0,false,1165,3296601,75,2025-11-17T22:23:41.575Z
Jklkh,quest,,,,,,Myths of the White Lands,NOT_STARTED,0,false,2,true,1165,3296601,75,2025-11-17T22:23:41.575Z
Jklkh,quest,,,,,,Nadir (saga),NOT_STARTED,2,true,0,false,1165,3296601,75,2025-11-17T22:23:41.575Z
Jklkh,quest,,,,,,Nature Spirit,NOT_STARTED,0,true,2,false,1165,3296601,75,2025-11-17T22:23:41.575Z
Jklkh,quest,,,,,,Nomad's Elegy,NOT_STARTED,3,true,1,false,1165,3296601,75,2025-11-17T22:23:41.575Z
Jklkh,quest,,,,,,Nomad's Requiem,NOT_STARTED,4,true,3,false,1165,3296601,75,2025-11-17T22:23:41.575Z
Jklkh,quest,,,,,,Observatory Quest,NOT_STARTED,0,true,2,true,1165,3296601,75,2025-11-17T22:23:41.575Z
Jklkh,quest,,,,,,Ode of the Devourer,NOT_STARTED,3,true,1,false,1165,3296601,75,2025-11-17T22:23:41.575Z
Jklkh,quest,,,,,,Olaf's Quest,NOT_STARTED,1,true,1,false,1165,3296601,75,2025-11-17T22:23:41.575Z
Jklkh,quest,,,,,,Once Upon a Slime,NOT_STARTED,0,false,1,true,1165,3296601,75,2025-11-17T22:23:41.575Z
Jklkh,quest,,,,,,Once Upon a Time in Gielinor,NOT_STARTED,0,true,4,true,1165,3296601,75,2025-11-17T22:23:41.575Z
Jklkh,quest,,,,,,One Foot in the Grave (miniquest),NOT_STARTED,3,true,0,false,1165,3296601,75,2025-11-17T22:23:41.575Z
Jklkh,quest,,,,,,One of a Kind,NOT_STARTED,4,true,1,false,1165,3296601,75,2025-11-17T22:23:41.575Z
Jklkh,quest,,,,,,One Piercing Note,NOT_STARTED,0,false,2,true,1165,3296601,75,2025-11-17T22:23:41.575Z
Jklkh,quest,,,,,,One Small Favour,NOT_STARTED,2,true,2,false,1165,3296601,75,2025-11-17T22:23:41.575Z
Jklkh,quest,,,,,,Osseous Rex,NOT_STARTED,2,true,1,false,1165,3296601,75,2025-11-17T22:23:41.575Z
Jklkh,quest,,,,,,Our Man in the North,NOT_STARTED,3,true,1,false,1165,3296601,75,2025-11-17T22:23:41.575Z
Jklkh,quest,,,,,,Perils of Ice Mountain,NOT_STARTED,0,false,1,true,1165,3296601,75,2025-11-17T22:23:41.575Z
Jklkh,quest,,,,,,Pharaoh's Folly,NOT_STARTED,2,true,2,false,1165,3296601,75,2025-11-17T22:23:41.575Z
Jklkh,quest,,,,,,Pieces of Hate,NOT_STARTED,4,true,2,false,1165,3296601,75,2025-11-17T22:23:41.575Z
Jklkh,quest,,,,,,Pirate's Treasure,NOT_STARTED,0,false,2,true,1165,3296601,75,2025-11-17T22:23:41.575Z
Jklkh,quest,,,,,,Plague City,NOT_STARTED,0,true,1,true,1165,3296601,75,2025-11-17T22:23:41.575Z
Jklkh,quest,,,,,,Plague's End,NOT_STARTED,4,true,2,false,1165,3296601,75,2025-11-17T22:23:41.575Z
Jklkh,quest,,,,,,Priest in Peril,NOT_STARTED,0,false,1,true,1165,3296601,75,2025-11-17T22:23:41.575Z
Jklkh,quest,,,,,,Purple Cat (miniquest),NOT_STARTED,1,false,0,false,1165,3296601,75,2025-11-17T22:23:41.575Z
Jklkh,quest,,,,,,Quiet Before the Swarm,NOT_STARTED,1,true,1,false,1165,3296601,75,2025-11-17T22:23:41.575Z
Jklkh,quest,,,,,,Rag and Bone Man,NOT_STARTED,0,true,2,true,1165,3296601,75,2025-11-17T22:23:41.575Z
Jklkh,quest,,,,,,"Raksha, the Shadow Colossus",NOT_STARTED,0,true,0,true,1165,3296601,75,2025-11-17T22:23:41.575Z
Jklkh,quest,,,,,,Rat Catchers,NOT_STARTED,1,true,2,false,1165,3296601,75,2025-11-17T22:23:41.575Z
Jklkh,quest,,,,,,Rebuilding Edgeville (miniquest),NOT_STARTED,4,true,0,false,1165,3296601,75,2025-11-17T22:23:41.575Z
Jklkh,quest,,,,,,Recipe for Disaster,NOT_STARTED,250,true,0,false,1165,3296601,75,2025-11-17T22:23:41.575Z
Jklkh,quest,,,,,,Recipe for Disaster: Another Cook's Quest,NOT_STARTED,0,true,1,false,1165,3296601,75,2025-11-17T22:23:41.575Z
Jklkh,quest,,,,,,Recipe for Disaster: Defeating the Culinaromancer,NOT_STARTED,2,true,1,false,1165,3296601,75,2025-11-17T22:23:41.575Z
Jklkh,quest,,,,,,Recipe for Disaster: Freeing Evil Dave,NOT_STARTED,1,true,1,false,1165,3296601,75,2025-11-17T22:23:41.575Z
Jklkh,quest,,,,,,Recipe for Disaster: Freeing King Awowogei,NOT_STARTED,2,true,1,false,1165,3296601,75,2025-11-17T22:23:41.575Z
Jklkh,quest,,,,,,Recipe for Disaster: Freeing Pirate Pete,NOT_STARTED,1,true,1,false,1165,3296601,75,2025-11-17T22:23:41.575Z
Jklkh,quest,,,,,,Recipe for Disaster: Freeing Sir Amik Varze,NOT_STARTED,2,true,1,false,1165,3296601,75,2025-11-17T22:23:41.575Z
Jklkh,quest,,,,,,Recipe for Disaster: Freeing Skrach Uglogwee,NOT_STARTED,1,true,1,false,1165,3296601,75,2025-11-17T22:23:41.575Z
Jklkh,quest,,,,,,Recipe for Disaster: Freeing the Goblin Generals,NOT_STARTED,0,true,1,false,1165,3296601,75,2025-11-17T22:23:41.575Z
Jklkh,quest,,,,,,Recipe for Disaster: Freeing the Lumbridge Sage,NOT_STARTED,1,true,1,false,1165,3296601,75,2025-11-17T22:23:41.575Z
Jklkh,quest,,,,,,Recipe for Disaster: Freeing the Mountain Dwarf,NOT_STARTED,0,true,1,false,1165,3296601,75,2025-11-17T22:23:41.575Z
Jklkh,quest,,,,,,Recruitment Drive,NOT_STARTED,0,true,1,true,1165,3296601,75,2025-11-17T22:23:41.575Z
Jklkh,quest,,,,,,Regicide,NOT_STARTED,3,true,3,false,1165,3296601,75,2025-11-17T22:23:41.575Z
Jklkh,quest,,,,,,Remains of the Necrolord,NOT_STARTED,3,true,1,false,1165,3296601,75,2025-11-17T22:23:41.575Z
Jklkh,quest,,,,,,Requiem for a Dragon,NOT_STARTED,3,true,1,false,1165,3296601,75,2025-11-17T22:23:41.575Z
Jklkh,quest,,,,,,Ritual of the Mahjarrat,NOT_STARTED,4,true,3,false,1165,3296601,75,2025-11-17T22:23:41.575Z
Jklkh,quest,,,,,,River of Blood,NOT_STARTED,4,true,3,false,1165,3296601,75,2025-11-17T22:23:41.575Z
Jklkh,quest,,,,,,Rocking Out,NOT_STARTED,3,true,2,false,1165,3296601,75,2025-11-17T22:23:41.575Z
Jklkh,quest,,,,,,Roving Elves,NOT_STARTED,3,true,1,false,1165,3296601,75,2025-11-17T22:23:41.575Z
Jklkh,quest,,,,,,Royal Trouble,NOT_STARTED,2,true,1,false,1165,3296601,75,2025-11-17T22:23:41.575Z
Jklkh,quest,,,,,,Rum Deal,NOT_STARTED,2,true,2,false,1165,3296601,75,2025-11-17T22:23:41.575Z
Jklkh,quest,,,,,,Rune Mechanics,NOT_STARTED,0,true,1,true,1165,3296601,75,2025-11-17T22:23:41.575Z
Jklkh,quest,,,,,,Rune Memories,NOT_STARTED,0,true,1,false,1165,3296601,75,2025-11-17T22:23:41.575Z
Jklkh,quest,,,,,,Rune Mysteries,NOT_STARTED,0,false,1,true,1165,3296601,75,2025-11-17T22:23:41.575Z
Jklkh,quest,,,,,,Salt in the Wound,NOT_STARTED,1,true,2,false,1165,3296601,75,2025-11-17T22:23:41.575Z
Jklkh,quest,,,,,,Scorpion Catcher,NOT_STARTED,1,true,1,false,1165,3296601,75,2025-11-17T22:23:41.575Z
Jklkh,quest,,,,,,Sea Slug,NOT_STARTED,1,true,1,false,1165,3296601,75,2025-11-17T22:23:41.575Z
Jklkh,quest,,,,,,Shades of Mort'ton,NOT_STARTED,1,true,3,true,1165,3296601,75,2025-11-17T22:23:41.575Z
Jklkh,quest,,,,,,Shadow of the Storm,NOT_STARTED,1,true,1,false,1165,3296601,75,2025-11-17T22:23:41.575Z
Jklkh,quest,,,,,,Sheep Herder,NOT_STARTED,0,true,4,true,1165,3296601,75,2025-11-17T22:23:41.575Z
Jklkh,quest,,,,,,Sheep Shearer (miniquest),NOT_STARTED,0,false,0,true,1165,3296601,75,2025-11-17T22:23:41.575Z
Jklkh,quest,,,,,,Shield of Arrav,NOT_STARTED,0,false,1,true,1165,3296601,75,2025-11-17T22:23:41.575Z
Jklkh,quest,,,,,,Shilo Village,NOT_STARTED,2,true,2,false,1165,3296601,75,2025-11-17T22:23:41.575Z
Jklkh,quest,,,,,,Sins of the Father,NOT_STARTED,4,true,0,false,1165,3296601,75,2025-11-17T22:23:41.575Z
Jklkh,quest,,,,,,Skelly By Everlight,NOT_STARTED,0,true,0,false,1165,3296601,75,2025-11-17T22:23:41.575Z
Jklkh,quest,,,,,,Sliske's Endgame,NOT_STARTED,4,true,3,false,1165,3296601,75,2025-11-17T22:23:41.575Z
Jklkh,quest,,,,,,Smoking Kills,NOT_STARTED,1,true,1,false,1165,3296601,75,2025-11-17T22:23:41.575Z
Jklkh,quest,,,,,,Some Like It Cold,NOT_STARTED,2,true,1,false,1165,3296601,75,2025-11-17T22:23:41.575Z
Jklkh,quest,,,,,,Song from the Depths,NOT_STARTED,0,false,1,true,1165,3296601,75,2025-11-17T22:23:41.575Z
Jklkh,quest,,,,,,Soul Searching,NOT_STARTED,2,true,1,true,1165,3296601,75,2025-11-17T22:23:41.575Z
Jklkh,quest,,,,,,Spirit of Summer,NOT_STARTED,1,true,1,false,1165,3296601,75,2025-11-17T22:23:41.575Z
Jklkh,quest,,,,,,Spirits of the Elid,NOT_STARTED,1,true,2,false,1165,3296601,75,2025-11-17T22:23:41.575Z
Jklkh,quest,,,,,,Spiritual Enlightenment (miniquest),NOT_STARTED,4,true,0,false,1165,3296601,75,2025-11-17T22:23:41.575Z
Jklkh,quest,,,,,,Stellar Born,NOT_STARTED,2,true,2,false,1165,3296601,75,2025-11-17T22:23:41.575Z
Jklkh,quest,,,,,,Succession,NOT_STARTED,2,true,1,false,1165,3296601,75,2025-11-17T22:23:41.575Z
Jklkh,quest,,,,,,Summer's End,NOT_STARTED,2,true,1,false,1165,3296601,75,2025-11-17T22:23:41.575Z
Jklkh,quest,,,,,,Swan Song,NOT_STARTED,3,true,2,false,1165,3296601,75,2025-11-17T22:23:41.575Z
Jklkh,quest,,,,,,Swept Away,NOT_STARTED,0,false,2,true,1165,3296601,75,2025-11-17T22:23:41.575Z
Jklkh,quest,,,,,,Tai Bwo Wannai Trio,NOT_STARTED,1,true,2,false,1165,3296601,75,2025-11-17T22:23:41.575Z
Jklkh,quest,,,,,,Tales of Nomad (miniquest),NOT_STARTED,3,true,0,false,1165,3296601,75,2025-11-17T22:23:41.575Z
Jklkh,quest,,,,,,Tales of the God Wars (miniquest),NOT_STARTED,2,true,0,false,1165,3296601,75,2025-11-17T22:23:41.575Z
Jklkh,quest,,,,,,Tears of Guthix,NOT_STARTED,1,true,1,false,1165,3296601,75,2025-11-17T22:23:41.575Z
Jklkh,quest,,,,,,Temple of Ikov,NOT_STARTED,2,true,1,false,1165,3296601,75,2025-11-17T22:23:41.575Z
Jklkh,quest,,,,,,That Old Black Magic,NOT_STARTED,2,true,1,true,1165,3296601,75,2025-11-17T22:23:41.575Z
Jklkh,quest,,,,,,The Blood Pact,NOT_STARTED,0,false,1,true,1165,3296601,75,2025-11-17T22:23:41.575Z
Jklkh,quest,,,,,,The Branches of Darkmeyer,NOT_STARTED,3,true,2,false,1165,3296601,75,2025-11-17T22:23:41.575Z
Jklkh,quest,,,,,,The Brink of Extinction,NOT_STARTED,4,true,3,false,1165,3296601,75,2025-11-17T22:23:41.575Z
Jklkh,quest,,,,,,The Chosen Commander,NOT_STARTED,2,true,3,false,1165,3296601,75,2025-11-17T22:23:41.575Z
Jklkh,quest,,,,,,The Curse of Arrav,NOT_STARTED,3,true,1,false,1165,3296601,75,2025-11-17T22:23:41.575Z
Jklkh,quest,,,,,,The Curse of Zaros (miniquest),NOT_STARTED,1,true,0,false,1165,3296601,75,2025-11-17T22:23:41.575Z
Jklkh,quest,,,,,,The Darkness of Hallowvale,NOT_STARTED,1,true,2,false,1165,3296601,75,2025-11-17T22:23:41.575Z
Jklkh,quest,,,,,,The Death of Chivalry,NOT_STARTED,0,false,3,true,1165,3296601,75,2025-11-17T22:23:41.575Z
Jklkh,quest,,,,,,The Dig Site,NOT_STARTED,1,true,2,true,1165,3296601,75,2025-11-17T22:23:41.575Z
Jklkh,quest,,,,,,The Elder Kiln,NOT_STARTED,3,true,2,false,1165,3296601,75,2025-11-17T22:23:41.575Z
Jklkh,quest,,,,,,The Eyes of Glouphrie,NOT_STARTED,1,true,2,false,1165,3296601,75,2025-11-17T22:23:41.575Z
Jklkh,quest,,,,,,The Feud,NOT_STARTED,1,true,1,true,1165,3296601,75,2025-11-17T22:23:41.575Z
Jklkh,quest,,,,,,The Firemaker's Curse,NOT_STARTED,3,true,2,false,1165,3296601,75,2025-11-17T22:23:41.575Z
Jklkh,quest,,,,,,The Fremennik Isles,NOT_STARTED,2,true,1,false,1165,3296601,75,2025-11-17T22:23:41.575Z
Jklkh,quest,,,,,,The Fremennik Trials,NOT_STARTED,1,true,3,true,1165,3296601,75,2025-11-17T22:23:41.575Z
Jklkh,quest,,,,,,The General's Shadow (miniquest),NOT_STARTED,2,true,0,false,1165,3296601,75,2025-11-17T22:23:41.575Z
Jklkh,quest,,,,,,The Giant Dwarf,NOT_STARTED,1,true,2,true,1165,3296601,75,2025-11-17T22:23:41.575Z
Jklkh,quest,,,,,,The Golem,NOT_STARTED,1,true,1,true,1165,3296601,75,2025-11-17T22:23:41.575Z
Jklkh,quest,,,,,,The Grand Tree,NOT_STARTED,2,true,5,false,1165,3296601,75,2025-11-17T22:23:41.575Z
Jklkh,quest,,,,,,The Great Brain Robbery,NOT_STARTED,2,true,2,false,1165,3296601,75,2025-11-17T22:23:41.575Z
Jklkh,quest,,,,,,The Hand in the Sand,NOT_STARTED,1,true,1,false,1165,3296601,75,2025-11-17T22:23:41.575Z
Jklkh,quest,,,,,,The Hunt for Surok (miniquest),NOT_STARTED,2,true,0,false,1165,3296601,75,2025-11-17T22:23:41.575Z
Jklkh,quest,,,,,,The Light Within,NOT_STARTED,4,true,2,false,1165,3296601,75,2025-11-17T22:23:41.575Z
Jklkh,quest,,,,,,The Lord of Vampyrium,NOT_STARTED,3,true,2,false,1165,3296601,75,2025-11-17T22:23:41.575Z
Jklkh,quest,,,,,,The Lost Toys (miniquest),NOT_STARTED,4,true,0,false,1165,3296601,75,2025-11-17T22:23:41.575Z
Jklkh,quest,,,,,,The Lost Tribe,NOT_STARTED,1,true,1,true,1165,3296601,75,2025-11-17T22:23:41.575Z
Jklkh,quest,,,,,,The Mighty Fall,NOT_STARTED,3,true,2,false,1165,3296601,75,2025-11-17T22:23:41.575Z
Jklkh,quest,,,,,,The Needle Skips,NOT_STARTED,0,true,1,true,1165,3296601,75,2025-11-17T22:23:41.575Z
Jklkh,quest,,,,,,The Path of Glouphrie,NOT_STARTED,2,true,1,false,1165,3296601,75,2025-11-17T22:23:41.575Z
Jklkh,quest,,,,,,The Prisoner of Glouphrie,NOT_STARTED,3,true,1,false,1165,3296601,75,2025-11-17T22:23:41.575Z
Jklkh,quest,,,,,,The Restless Ghost,NOT_STARTED,0,false,1,true,1165,3296601,75,2025-11-17T22:23:41.575Z
Jklkh,quest,,,,,,The Slug Menace,NOT_STARTED,1,true,1,false,1165,3296601,75,2025-11-17T22:23:41.575Z
Jklkh,quest,,,,,,The Spirit of War,NOT_STARTED,2,true,1,false,1165,3296601,75,2025-11-17T22:23:41.575Z
Jklkh,quest,,,,,,The Tale of the Muspah,NOT_STARTED,0,true,1,true,1165,3296601,75,2025-11-17T22:23:41.575Z
Jklkh,quest,,,,,,The Temple at Senntisten,NOT_STARTED,3,true,2,false,1165,3296601,75,2025-11-17T22:23:41.575Z
Jklkh,quest,,,,,,The Tourist Trap,NOT_STARTED,1,true,2,true,1165,3296601,75,2025-11-17T22:23:41.575Z
Jklkh,quest,,,,,,The Vault of Shadows,NOT_STARTED,2,true,0,false,1165,3296601,75,2025-11-17T22:23:41.575Z
Jklkh,quest,,,,,,The Void Stares Back,NOT_STARTED,4,true,1,false,1165,3296601,75,2025-11-17T22:23:41.575Z
Jklkh,quest,,,,,,The World Wakes,NOT_STARTED,4,true,3,true,1165,3296601,75,2025-11-17T22:23:41.575Z
Jklkh,quest,,,,,,Thok It To 'Em (saga),NOT_STARTED,2,true,0,false,1165,3296601,75,2025-11-17T22:23:41.575Z
Jklkh,quest,,,,,,Thok Your Block Off (saga),NOT_STARTED,3,true,0,false,1165,3296601,75,2025-11-17T22:23:41.575Z
Jklkh,quest,,,,,,Three's Company (saga),NOT_STARTED,1,false,0,true,1165,3296601,75,2025-11-17T22:23:41.575Z
Jklkh,quest,,,,,,Throne of Miscellania,NOT_STARTED,2,true,1,false,1165,3296601,75,2025-11-17T22:23:41.575Z
Jklkh,quest,,,,,,TokTz-Ket-Dill,NOT_STARTED,2,true,1,false,1165,3296601,75,2025-11-17T22:23:41.575Z
Jklkh,quest,,,,,,Tomes of the Warlock,NOT_STARTED,3,true,1,false,1165,3296601,75,2025-11-17T22:23:41.575Z
Jklkh,quest,,,,,,Tortle Combat (miniquest),NOT_STARTED,1,true,0,true,1165,3296601,75,2025-11-17T22:23:41.575Z
Jklkh,quest,,,,,,Tower of Life,NOT_STARTED,0,true,2,true,1165,3296601,75,2025-11-17T22:23:41.575Z
Jklkh,quest,,,,,,Tree Gnome Village,NOT_STARTED,1,true,2,true,1165,3296601,75,2025-11-17T22:23:41.575Z
Jklkh,quest,,,,,,Tribal Totem,NOT_STARTED,1,true,1,true,1165,3296601,75,2025-11-17T22:23:41.575Z
Jklkh,quest,,,,,,Troll Romance,NOT_STARTED,2,true,2,false,1165,3296601,75,2025-11-17T22:23:41.575Z
Jklkh,quest,,,,,,Troll Stronghold,NOT_STARTED,2,true,1,false,1165,3296601,75,2025-11-17T22:23:41.575Z
Jklkh,quest,,,,,,Tuai Leit's Own (miniquest),NOT_STARTED,4,true,0,false,1165,3296601,75,2025-11-17T22:23:41.575Z
Jklkh,quest,,,,,,Twilight of the Gods,NOT_STARTED,3,true,3,false,1165,3296601,75,2025-11-17T22:23:41.575Z
Jklkh,quest,,,,,,Underground Pass,NOT_STARTED,2,true,5,false,1165,3296601,75,2025-11-17T22:23:41.575Z
Jklkh,quest,,,,,,Unwelcome Guests,NOT_STARTED,1,true,1,true,1165,3296601,75,2025-11-17T22:23:41.575Z
Jklkh,quest,,,,,,Vampyre Slayer,NOT_STARTED,0,false,3,true,1165,3296601,75,2025-11-17T22:23:41.575Z
Jklkh,quest,,,,,,Vengeance (saga),NOT_STARTED,1,true,0,false,1165,3296601,75,2025-11-17T22:23:41.575Z
Jklkh,quest,,,,,,Vessel of the Harbinger,NOT_STARTED,1,true,1,false,1165,3296601,75,2025-11-17T22:23:41.575Z
Jklkh,quest,,,,,,Violet is Blue Too,NOT_STARTED,0,false,1,true,1165,3296601,75,2025-11-17T22:23:41.575Z
Jklkh,quest,,,,,,Wandering Ga'al (miniquest),NOT_STARTED,4,true,0,false,1165,3296601,75,2025-11-17T22:23:41.575Z
Jklkh,quest,,,,,,Wanted!,NOT_STARTED,1,true,1,false,1165,3296601,75,2025-11-17T22:23:41.575Z
Jklkh,quest,,,,,,Watchtower,NOT_STARTED,1,true,4,false,1165,3296601,75,2025-11-17T22:23:41.575Z
Jklkh,quest,,,,,,Waterfall Quest,NOT_STARTED,1,true,1,true,1165,3296601,75,2025-11-17T22:23:41.575Z
Jklkh,quest,,,,,,What Lies Below,NOT_STARTED,1,true,1,true,1165,3296601,75,2025-11-17T22:23:41.575Z
Jklkh,quest,,,,,,What's Mine is Yours,NOT_STARTED,0,false,1,true,1165,3296601,75,2025-11-17T22:23:41.575Z
Jklkh,quest,,,,,,While Guthix Sleeps,NOT_STARTED,4,true,5,false,1165,3296601,75,2025-11-17T22:23:41.575Z
Jklkh,quest,,,,,,Witch's House,NOT_STARTED,1,false,4,true,1165,3296601,75,2025-11-17T22:23:41.575Z
Jklkh,quest,,,,,,Witch's Potion (miniquest),NOT_STARTED,0,false,0,true,1165,3296601,75,2025-11-17T22:23:41.575Z
Jklkh,quest,,,,,,Within the Light,NOT_STARTED,3,true,2,false,1165,3296601,75,2025-11-17T22:23:41.575Z
Jklkh,quest,,,,,,Wolf Whistle,NOT_STARTED,0,false,1,true,1165,3296601,75,2025-11-17T22:23:41.575Z
Jklkh,quest,,,,,,You Are It,NOT_STARTED,1,true,1,true,1165,3296601,75,2025-11-17T22:23:41.575Z
Jklkh,quest,,,,,,Zogre Flesh Eaters,NOT_STARTED,1,true,1,false,1165,3296601,75,2025-11-17T22:23:41.575Z